{
    "JumpHeight": 5.0,
    "Speed": {
        "x": 0.25,
        "y": 0.25,
        "z": 0.5
    },
    "World Translation": {
        "x": -40.953792572021484,
        "y": 1.0,
        "z": -38.48884963989258
    }
}