{
    "JumpHeight": 5.0,
    "Rotate Speed": 0.25,
    "Speed": 0.15000000596046448,
    "World Translation": {
        "x": 3.084496259689331,
        "y": 1.0,
        "z": -48.068450927734375
    }
}